bmi,children,smoker,region,charges,age,sex
28.12,3,no,northwest,11085.5868,50.0,female
32.49,0,yes,northwest,36898.73308,19.0,female
27.645,2,yes,northwest,24535.69855,47.0,female
23.0,3,no,southwest,12094.478,54.0,female
42.655,0,no,northeast,5757.41345,39.0,male
25.9,0,no,southwest,3353.284,29.0,female
26.22,2,no,northwest,10493.9458,50.0,female
22.515,0,no,northeast,8688.85885,49.0,male
33.82,1,no,northwest,4462.7218,32.0,male
23.845,2,no,northwest,4719.73655,28.0,female
34.8,2,no,southwest,36910.60803,59.0,female
36.1,3,no,southwest,12363.547,56.0,male
31.4,0,yes,southwest,34166.273,23.0,female
18.5,1,no,southwest,4766.022,33.0,female
30.5,0,no,southwest,10704.47,55.0,female
30.8,1,yes,southeast,41999.52,54.0,male
35.97,2,no,southeast,7160.3303,42.0,male
33.535,0,no,northeast,13143.33665,61.0,male
44.7,3,no,southwest,11411.685,52.0,female
27.74,0,no,northeast,5469.0066,36.0,female
27.36,1,yes,northeast,17178.6824,18.0,male
37.1,1,no,southwest,3277.161,28.0,male
28.05,1,no,southeast,6770.1925,41.0,female
40.185,0,no,northwest,3201.24515,26.0,female
31.0,1,no,southwest,5488.262,38.0,male
28.31,1,no,northwest,2639.0429,22.0,male
27.1,1,no,southwest,26140.3603,49.0,female
27.835,1,yes,northwest,20009.63365,34.0,male
30.9,0,yes,southwest,39727.614,49.0,male
23.7,0,no,southwest,10959.33,57.0,male
39.49,1,no,southeast,3875.7341,31.0,male
17.4,1,no,southwest,2585.269,21.0,female
29.735,0,no,northwest,4357.04365,32.0,female
41.14,0,no,southeast,1146.7966,18.0,male
34.58,1,no,northwest,7727.2532,43.0,female
27.61,1,no,southeast,4747.0529,35.0,male
36.08,1,yes,southeast,42211.1382,47.0,male
28.49,1,yes,southeast,18328.2381,23.0,female
35.3,0,no,southwest,7348.142,45.0,female
23.465,2,no,northeast,6402.29135,35.0,female
35.86,2,no,southeast,5836.5204,35.0,female
36.85,0,no,southeast,13887.9685,63.0,female
32.68,0,no,northwest,13844.7972,62.0,female
37.43,3,no,northeast,5428.7277,30.0,male
26.4,0,yes,southeast,19539.243,37.0,female
44.22,2,no,southeast,4266.1658,30.0,male
28.27,1,no,southeast,5484.4673,38.0,male
28.215,3,yes,northwest,24915.22085,47.0,male
21.755,0,no,northwest,4134.08245,31.0,female
27.36,0,no,northeast,2104.1134,21.0,male
24.6,0,yes,southwest,17496.306,32.0,female
24.605,2,yes,northeast,21259.37795,42.0,male
33.11,0,no,southeast,3171.6149,28.0,female
31.065,0,yes,northeast,34254.05335,24.0,male
25.175,2,no,northeast,9095.06825,45.0,female
22.515,3,no,northeast,5209.57885,29.0,male
35.75,1,yes,southeast,40273.6455,41.0,male
27.6,0,no,southwest,1252.407,19.0,male
35.2,0,yes,southeast,44423.803,55.0,female
41.69,0,no,southeast,5438.7491,40.0,male
26.03,1,yes,northwest,16450.8947,19.0,male
28.1,0,no,southwest,10965.446,57.0,male
29.8,3,yes,southwest,25309.489,47.0,male
27.645,1,no,northwest,28340.18885,45.0,female
38.39,0,yes,southeast,40419.0191,37.0,female
31.5,1,no,southwest,4076.497,32.0,male
34.21,1,no,southeast,5245.2269,35.0,female
37.07,1,yes,southeast,39871.7043,37.0,male
30.14,0,no,southeast,1131.5066,18.0,male
23.32,1,no,southeast,1711.0268,18.0,male
26.125,1,yes,northeast,23401.30575,47.0,female
30.685,0,yes,northeast,33475.81715,20.0,male
30.03,1,no,southeast,1720.3537,18.0,male
34.8,1,no,southwest,3577.999,27.0,female
40.66,0,no,northeast,9875.6804,51.0,female
32.11,2,no,northeast,25333.33284,50.0,male
33.77,0,no,southeast,1674.6323,22.0,male
34.105,1,no,northwest,6112.35295,37.0,female
37.05,3,yes,northeast,46255.1125,51.0,female
34.77,1,no,northwest,9583.8933,49.0,female
31.92,2,no,northwest,7209.4918,39.0,female
27.94,1,no,southeast,11554.2236,57.0,male
32.34,1,no,southeast,7633.7206,44.0,female
30.36,0,yes,southeast,62592.87309,45.0,male
25.3,0,no,southeast,8442.667,50.0,male
19.8,0,no,southwest,1241.565,19.0,male
32.01,0,no,southeast,1981.5819,24.0,male
35.815,0,no,northwest,4320.41085,34.0,male
32.7,3,no,southwest,3591.48,23.0,male
34.32,5,no,southeast,8596.8278,39.0,female
30.495,1,yes,northwest,39725.51805,45.0,female
30.305,0,no,northeast,2203.73595,18.0,female
31.02,3,yes,southeast,35595.5898,22.0,female
29.925,1,yes,northeast,22462.04375,39.0,male
36.0,1,no,southwest,8556.907,47.0,female
37.1,3,no,southwest,3597.596,23.0,male
40.47,0,no,northeast,1984.4533,20.0,male
25.365,1,no,northwest,7518.02535,44.0,male
34.7,2,yes,southwest,36397.576,19.0,female
29.925,0,no,northwest,8988.15875,49.0,female
24.32,0,no,northwest,12523.6048,60.0,male
20.52,0,no,northeast,4544.2348,32.0,female
36.575,0,no,northwest,8671.19125,48.0,female
41.47,0,no,southeast,9504.3103,53.0,male
32.45,0,yes,southeast,45008.9555,60.0,female
24.32,0,no,northwest,9863.4718,53.0,male
32.3,2,no,northwest,14119.62,61.0,male
33.535,2,no,northwest,12269.68865,55.0,female
31.73,3,yes,northeast,36189.1017,23.0,male
31.13,0,no,southeast,1621.8827,18.0,female
37.4,0,no,southwest,12979.358,62.0,male
27.645,0,no,northwest,10594.50155,55.0,male
33.33,4,no,southeast,36580.28216,61.0,female
28.12,4,yes,northwest,21472.4788,32.0,male
24.1,0,no,southwest,2974.126,27.0,female
39.93,0,no,southeast,12982.8747,62.0,male
18.6,0,no,southwest,1728.897,19.0,female
36.48,0,no,northwest,12235.8392,58.0,female
25.0,1,no,southwest,7623.518,44.0,female
34.96,2,yes,northeast,44641.1974,51.0,female
41.1,0,no,southwest,3989.841,32.0,female
21.8,0,yes,southwest,20167.33603,20.0,female
31.24,0,no,southeast,10338.9316,54.0,female
32.7,0,yes,southwest,34472.841,24.0,male
25.27,1,yes,northeast,21771.3423,43.0,female
21.5,1,no,southwest,10791.96,55.0,male
32.9,2,no,southwest,5375.038,33.0,female
31.065,3,no,northwest,5425.02335,31.0,male
24.42,0,yes,southeast,26125.67477,20.0,female
28.31,0,no,northeast,11657.7189,56.0,female
24.7,2,yes,northwest,21880.82,43.0,female
29.59,1,no,southeast,4562.8421,32.0,female
37.0,0,no,southwest,8798.593,51.0,male
23.87,5,no,southeast,8582.3023,39.0,female
21.85,0,yes,northeast,16115.3045,29.0,female
21.755,0,no,northwest,1627.28245,19.0,male
39.49,0,no,southeast,2480.9791,24.0,female
23.56,2,no,northeast,8603.8234,45.0,male
24.225,5,no,northwest,8965.79575,39.0,female
25.9,1,no,southwest,5472.449,36.0,female
35.75,1,yes,southeast,38282.7495,33.0,male
29.7,0,no,southeast,4399.731,36.0,male
28.9,0,no,southwest,12146.971,60.0,male
41.8,0,no,southeast,5662.225,39.0,female
28.975,0,no,northeast,10796.35025,55.0,male
29.26,2,no,northeast,4438.2634,28.0,male
29.07,0,yes,northwest,29141.3603,61.0,female
29.81,0,yes,southeast,19350.3689,31.0,male
27.1,1,no,southwest,4746.344,35.0,male
30.0,1,no,southwest,2904.088,26.0,male
39.995,3,no,northeast,9704.66805,45.0,female
39.805,0,no,northeast,7448.40395,45.0,male
39.71,4,no,northeast,19496.71917,35.0,male
31.13,1,yes,southeast,34806.4677,27.0,male
33.33,0,no,southeast,1135.9407,18.0,male
25.555,1,no,northwest,2221.56445,19.0,male
30.495,3,no,northeast,6113.23105,31.0,female
32.3,1,no,northeast,11512.405,54.0,female
32.67,1,no,southeast,10807.4863,55.0,male
24.1,1,no,southwest,26236.57997,47.0,female
23.21,0,no,southeast,1515.3449,21.0,male
28.215,0,no,northwest,12224.35085,58.0,female
31.5,0,no,southwest,4402.233,36.0,male
27.455,2,no,northwest,5261.46945,33.0,male
34.58,2,no,northeast,3925.7582,22.0,female
20.8,1,no,southwest,3208.787,25.0,female
20.35,3,no,southeast,8605.3615,45.0,male
16.815,2,no,northeast,6640.54485,38.0,male
25.46,0,no,northwest,12124.9924,59.0,male
27.6,0,no,southwest,5383.536,38.0,female
25.8,0,no,southwest,2007.945,21.0,female
24.605,1,no,northwest,2709.24395,19.0,female
30.875,0,no,northeast,23045.56616,52.0,female
21.755,1,no,northeast,13725.47184,41.0,female
27.5,1,no,southwest,7626.993,44.0,female
26.51,0,no,southeast,1815.8759,23.0,male
22.1,0,no,southwest,10577.087,56.0,male
39.16,0,no,southeast,13470.8044,62.0,female
28.88,0,no,northeast,2250.8352,22.0,male
33.99,0,no,southeast,2473.3341,24.0,female
39.14,0,no,northeast,12890.05765,18.0,male
21.755,1,yes,northeast,16657.71745,29.0,female
24.32,1,no,northwest,13112.6048,60.0,male
38.94,2,yes,southeast,44202.6536,47.0,male
28.975,0,no,northwest,1906.35825,21.0,male
26.125,2,no,northeast,7729.64575,42.0,male
33.44,0,no,northwest,12231.6136,58.0,female
36.575,0,no,northwest,2136.88225,19.0,female
22.61,0,no,northwest,1628.4709,19.0,male
23.655,1,yes,northwest,21677.28345,46.0,female
47.6,2,yes,southwest,46113.511,37.0,female
25.85,3,yes,southeast,24180.9335,48.0,female
34.32,3,no,southeast,5934.3798,35.0,male
35.815,3,no,northwest,12495.29085,54.0,female
22.705,3,no,northeast,6985.50695,37.0,male
22.515,0,no,northwest,2117.33885,19.0,female
19.855,0,no,northeast,5458.04645,36.0,female
30.59,1,no,northeast,16796.41194,27.0,female
32.23,1,no,southeast,18218.16139,25.0,female
31.255,0,no,northwest,1909.52745,21.0,male
28.2,0,no,southwest,13041.921,61.0,female
23.3,0,no,southwest,11345.519,58.0,male
32.3,1,no,northeast,9964.06,51.0,male
36.85,0,no,southeast,8125.7845,49.0,male
32.395,1,no,northeast,13019.16105,58.0,female
27.8,0,yes,southwest,37829.7242,43.0,male
32.87,0,no,northeast,7050.0213,42.0,female
27.645,2,no,northeast,5031.26955,31.0,male
26.41,0,no,northwest,8827.2099,50.0,male
33.63,4,no,northeast,17128.42608,24.0,male
23.75,2,no,northeast,11729.6795,53.0,female
36.29,3,no,northeast,6551.7501,33.0,female
39.82,1,no,southeast,4795.6568,33.0,female
38.39,3,yes,southeast,41949.2441,38.0,male
19.475,2,no,northwest,6933.24225,38.0,female
35.97,1,no,southeast,9386.1613,51.0,male
30.97,3,no,northwest,10600.5483,50.0,male
24.605,3,no,northwest,12479.70895,54.0,female
28.16,3,no,southeast,10702.6424,50.0,female
25.9,3,yes,southwest,19199.944,31.0,male
32.775,0,no,northwest,10601.63225,55.0,male
20.6,0,no,southwest,1731.677,19.0,female
38.83,0,no,southeast,12981.3457,62.0,male
26.62,0,no,southeast,3757.8448,31.0,female
29.7,3,yes,southwest,19933.458,25.0,male
33.99,1,no,southeast,3227.1211,25.0,female
25.8,0,no,southwest,1972.95,24.0,male
30.1,1,no,southwest,6849.026,43.0,male
28.31,1,no,northwest,7153.5539,41.0,female
24.035,0,no,northeast,10422.91665,54.0,male
28.9,0,no,southwest,8277.523,48.0,female
30.115,3,no,northwest,8410.04685,43.0,male
30.4,0,yes,northwest,33907.548,22.0,female
33.345,2,no,northeast,10370.91255,49.0,female
32.8,1,no,southwest,14358.36437,34.0,male
35.1,0,no,southwest,12644.589,60.0,female
27.93,4,no,northwest,11015.1747,48.0,female
36.955,1,no,northwest,8023.13545,44.0,female
27.075,1,no,northeast,10106.13425,50.0,female
36.1,3,no,southwest,27941.28758,61.0,male
32.3,2,no,southwest,9630.397,50.0,male
25.555,1,yes,northeast,20296.86345,37.0,female
17.67,0,no,northwest,2680.9493,26.0,male
26.7,2,no,southwest,11150.78,53.0,female
31.92,0,no,northwest,2261.5688,20.0,female
36.96,2,yes,southeast,49577.6624,64.0,male
23.2,0,no,southwest,6250.435,43.0,male
20.52,0,yes,northeast,14571.8908,24.0,female
33.4,2,yes,southwest,38415.474,36.0,male
34.21,1,no,southeast,6289.7549,41.0,male
19.95,2,no,northeast,7133.9025,38.0,female
23.94,1,no,northeast,6858.4796,41.0,male
32.395,1,no,northwest,2362.22905,20.0,male
40.28,0,no,northeast,2217.6012,18.0,female
31.73,2,no,northwest,4433.3877,29.0,male
28.5,0,yes,northwest,18310.742,27.0,male
24.86,0,no,southeast,5966.8874,42.0,male
28.0,3,no,southwest,7151.092,38.0,female
40.5,0,no,southwest,1759.338,19.0,female
21.565,0,yes,northeast,13747.87235,18.0,male
35.3,2,yes,southwest,40103.89,39.0,male
26.885,0,yes,northwest,21774.32215,43.0,female
39.82,0,no,southeast,1633.9618,18.0,female
34.1,0,no,southwest,5979.731,42.0,male
42.9,2,yes,southeast,47462.894,51.0,male
32.6,3,no,southwest,7954.517,41.0,female
34.675,0,no,northeast,4518.82625,34.0,male
40.185,0,no,northeast,2217.46915,18.0,female
25.08,0,no,southeast,5415.6612,40.0,male
40.92,0,yes,southeast,48673.5588,60.0,male
17.86,1,no,northwest,5116.5004,35.0,male
35.97,0,no,southeast,14313.8463,64.0,female
26.41,0,no,northeast,14394.5579,64.0,male
28.69,3,no,northwest,10264.4421,49.0,male
39.4,2,yes,southwest,38344.566,20.0,male
30.25,0,no,southeast,3704.3545,33.0,male
33.82,0,no,northwest,19673.33573,28.0,male
18.335,0,no,northwest,9991.03765,52.0,female
31.57,3,no,southeast,4837.5823,30.0,male
30.3,0,no,southwest,2632.992,25.0,female
36.2,1,no,southwest,8068.185,47.0,male
27.265,2,no,northwest,22493.65964,19.0,male
40.15,0,no,southeast,7804.1605,48.0,male
33.33,3,no,southeast,10560.4917,51.0,male
27.5,3,no,southwest,8615.3,45.0,male
36.86,0,no,northwest,1917.3184,21.0,male
25.745,2,no,northeast,3279.86855,21.0,male
22.61,1,no,northwest,9566.9909,49.0,female
18.335,0,no,northeast,11534.87265,57.0,male
22.135,0,no,northeast,2585.85065,21.0,female
32.3,2,no,northwest,6986.697,40.0,male
21.66,0,yes,northeast,14283.4594,18.0,female
25.8,2,no,southwest,4934.705,31.0,female
37.905,0,no,northwest,14210.53595,64.0,male
31.6,0,no,southwest,9850.432,54.0,male
34.1,3,no,southwest,7418.522,39.0,female
31.6,2,no,southwest,10118.424,50.0,female
42.9,1,no,southwest,4536.259,34.0,male
35.245,1,no,northeast,11394.06555,55.0,male
38.94,1,no,southeast,3471.4096,29.0,male
33.4,0,no,southwest,10795.93733,23.0,female
44.745,0,no,northeast,9541.69555,50.0,female
22.895,0,yes,northeast,35069.37452,45.0,male
25.08,0,no,northwest,14254.6082,63.0,female
32.3,1,no,southwest,8062.764,47.0,male
35.815,1,no,northwest,5630.45785,35.0,female
26.125,0,no,northeast,1708.92575,18.0,male
25.08,0,no,northeast,7325.0482,43.0,female
29.26,2,no,northwest,6457.8434,38.0,male
28.405,1,no,northwest,6664.68595,41.0,male
36.6,3,no,southwest,11264.541,53.0,male
18.715,0,no,northwest,21595.38229,23.0,male
31.255,0,no,northwest,6358.77645,42.0,male
42.94,3,no,northwest,6360.9936,33.0,female
31.79,0,no,southeast,17929.30337,45.0,female
29.48,0,no,southeast,9487.6442,53.0,male
36.3,1,yes,southwest,47403.88,61.0,male
18.335,0,no,northeast,13204.28565,60.0,female
20.235,0,no,northwest,2527.81865,22.0,female
25.7,3,no,southwest,9101.798,45.0,female
33.55,0,no,southeast,5699.8375,41.0,male
30.115,5,no,northeast,4915.05985,20.0,male
28.12,0,no,northwest,2690.1138,23.0,female
32.11,0,no,northwest,2055.3249,22.0,male
47.74,1,no,southeast,9748.9106,52.0,male
29.4,4,no,southwest,6059.173,33.0,male
33.2,0,no,southwest,13462.52,62.0,female
36.19,0,yes,southeast,41676.0811,47.0,male
25.175,0,no,northeast,11931.12525,58.0,male
28.215,0,no,northeast,2200.83085,18.0,female
28.31,1,no,northeast,11272.33139,18.0,male
24.795,0,yes,northeast,17904.52705,33.0,male
34.6,0,no,southwest,2020.177,21.0,female
40.37,0,no,southeast,10982.5013,57.0,male
33.66,3,no,southeast,15161.5344,63.0,male
24.51,0,no,northeast,2396.0959,23.0,male
28.025,1,yes,northeast,20773.62775,36.0,male
28.88,0,yes,northwest,17748.5062,19.0,female
21.78,2,no,southeast,11884.04858,18.0,male
29.6,0,no,southwest,1875.344,20.0,female
24.6,2,no,southwest,4529.477,29.0,female
24.605,2,no,northwest,5257.50795,33.0,male
32.8,0,yes,southwest,52590.82939,60.0,male
42.13,2,no,southeast,5124.1887,34.0,male
35.53,0,yes,northwest,55135.40209,33.0,female
32.775,3,no,northwest,11289.10925,52.0,male
21.85,1,no,northwest,6117.4945,39.0,male
26.03,0,no,northeast,2102.2647,21.0,male
21.4,1,no,southwest,10065.413,53.0,male
35.8,2,no,southwest,7160.094,42.0,male
17.29,2,no,northeast,6877.9801,37.0,female
21.47,0,no,northeast,1702.4553,18.0,male
23.655,3,yes,northwest,18765.87545,30.0,female
31.9,1,no,southeast,10928.849,54.0,female
24.225,2,no,northeast,22395.74424,23.0,female
38.83,1,no,southeast,18963.17192,30.0,male
29.545,1,no,northwest,8930.93455,47.0,female
30.59,0,no,northeast,2459.7201,20.0,female
33.3,0,no,southwest,1880.487,20.0,female
53.13,0,no,southeast,1163.4627,18.0,male
30.2,2,yes,southwest,38998.546,44.0,male
24.13,1,yes,northwest,23887.6627,52.0,female
34.2,1,no,southwest,9872.701,51.0,female
24.795,3,no,northeast,9500.57305,46.0,male
26.695,4,no,northwest,4877.98105,25.0,male
30.1,3,no,southwest,4234.927,24.0,female
34.865,0,no,northeast,2899.48935,23.0,female
29.925,0,no,northwest,2850.68375,24.0,female
24.7,0,no,northeast,12323.936,59.0,male
34.32,1,no,southeast,7147.4728,44.0,male
34.39,0,no,northwest,11743.9341,58.0,male
26.695,0,yes,northeast,28101.33305,62.0,male
28.93,1,yes,southeast,19719.6947,32.0,male
37.715,3,no,northwest,30063.58055,55.0,male
29.735,2,no,northeast,32108.66282,44.0,male
32.11,2,no,northwest,4433.9159,29.0,male
31.35,3,yes,northwest,46130.5265,60.0,male
28.0,0,no,southwest,13126.67745,23.0,female
23.18,2,no,northwest,14426.07385,23.0,female
35.53,0,yes,northeast,42111.6647,46.0,female
36.86,3,yes,northwest,46661.4424,53.0,female
22.8,0,no,southwest,8269.044,48.0,female
38.17,2,no,southeast,8347.1643,46.0,male
36.385,3,no,northwest,11436.73815,51.0,female
22.515,2,no,northeast,4428.88785,28.0,male
42.75,1,yes,northeast,40904.1995,23.0,female
27.06,0,yes,southeast,17043.3414,26.0,male
29.6,0,no,southwest,21232.18226,48.0,male
33.7,1,no,southwest,7445.918,45.0,male
21.28,3,no,northwest,4296.2712,22.0,female
23.085,0,no,northeast,1704.70015,18.0,male
37.07,2,yes,southeast,37484.4493,22.0,male
24.3,3,no,southwest,4391.652,25.0,female
30.78,3,yes,northeast,39597.4072,41.0,male
46.53,1,no,southeast,2927.0647,26.0,male
22.895,0,yes,northeast,16138.76205,29.0,male
33.63,1,yes,northeast,37607.5277,32.0,male
25.52,5,no,southeast,14478.33015,43.0,male
31.46,0,no,southeast,1877.9294,20.0,female
39.8,3,no,southwest,15170.069,63.0,male
32.2,2,no,southwest,6875.961,41.0,male
34.9,0,yes,southwest,34828.654,19.0,male
37.18,2,no,southeast,7162.0122,42.0,male
30.03,1,no,southeast,9377.9047,51.0,male
21.66,1,no,northwest,14349.8544,63.0,male
34.87,0,no,southeast,2020.5523,21.0,female
20.9,0,yes,southeast,21195.818,53.0,male
41.8,2,yes,southeast,47269.854,52.0,male
22.6,0,no,southwest,2457.502,24.0,female
26.695,0,no,northwest,4571.41305,33.0,female
52.58,1,yes,southeast,44501.3982,22.0,male
41.325,1,no,northeast,7650.77375,42.0,female
24.3,5,no,southwest,5615.369,28.0,male
27.4,1,no,southwest,6496.886,40.0,female
27.6,1,yes,southwest,24520.264,50.0,female
21.375,0,no,northwest,7222.78625,45.0,male
28.88,2,no,northeast,12096.6512,54.0,female
30.305,0,no,northeast,11938.25595,58.0,male
20.3,0,no,southwest,1242.26,19.0,male
22.515,1,no,northwest,3594.17085,25.0,female
28.6,3,no,southwest,11253.421,53.0,male
37.1,1,no,southwest,12347.172,59.0,male
21.85,3,no,northeast,8891.1395,44.0,male
38.17,0,yes,southeast,36307.7983,18.0,male
34.1,2,no,southeast,23563.01618,39.0,male
27.72,0,no,southeast,2464.6188,24.0,female
29.81,0,yes,southeast,27533.9129,57.0,female
33.725,0,no,northwest,10976.24575,56.0,male
27.3,0,yes,southwest,16232.847,20.0,male
31.825,2,no,northeast,16069.08475,64.0,female
37.07,1,no,southeast,9048.0273,50.0,male
29.9,0,no,southwest,10214.636,55.0,male
31.35,0,no,northwest,12622.1795,59.0,female
29.8,0,no,southwest,20420.60465,37.0,male
33.915,1,no,northwest,3292.52985,26.0,male
41.14,1,yes,southeast,48970.2476,59.0,male
22.99,2,yes,northwest,17361.7661,30.0,male
50.38,1,no,southeast,2438.0552,23.0,male
26.79,1,no,northwest,12609.88702,24.0,male
25.46,1,no,northeast,25517.11363,54.0,male
25.8,0,no,southwest,3161.454,28.0,female
32.56,3,yes,southeast,40941.2854,43.0,female
46.09,1,no,southeast,9549.5651,50.0,female
25.3,1,no,southwest,7045.499,42.0,female
25.84,1,no,northeast,3309.7926,25.0,male
35.4,0,no,southwest,1263.249,19.0,male
29.355,1,no,northwest,6393.60345,40.0,male
40.375,2,no,northwest,8733.22925,46.0,male
30.495,2,no,northwest,15019.76005,62.0,female
26.18,2,no,southeast,2304.0022,18.0,male
35.2,1,no,southwest,2416.955,23.0,male
23.7,2,no,southwest,3484.331,26.0,male
25.6,4,no,southwest,5708.867,29.0,female
30.78,0,yes,northeast,37270.1512,37.0,female
30.495,0,no,northeast,10072.05505,53.0,male
33.82,1,no,northwest,5377.4578,36.0,male
37.18,2,no,southeast,4673.3922,32.0,male
42.24,0,yes,southeast,38792.6856,18.0,female
23.18,2,no,northwest,10156.7832,49.0,female
29.81,2,no,southeast,8219.2039,44.0,female
19.95,1,no,northwest,5855.9025,38.0,male
32.3,1,no,northwest,8765.249,48.0,male
25.74,2,no,southeast,12629.1656,57.0,female
43.89,2,yes,southeast,46200.9851,44.0,female
45.9,2,no,southwest,3693.428,27.0,male
29.48,1,no,southeast,3392.3652,26.0,female
30.2,0,yes,southwest,33900.653,25.0,female
22.135,3,no,northeast,7228.21565,36.0,female
37.29,0,no,southeast,1141.4451,18.0,male
39.615,1,no,northwest,2730.10785,19.0,female
30.875,3,yes,northwest,46718.16325,62.0,male
45.32,1,no,southeast,8569.8618,47.0,female
32.1,3,no,southwest,14007.222,59.0,female
26.315,1,no,northwest,6940.90985,42.0,male
21.945,1,no,northeast,4718.20355,30.0,female
25.8,5,no,southwest,10096.97,46.0,male
35.2,2,no,southwest,4670.64,32.0,male
31.16,0,no,northeast,3943.5954,29.0,female
41.91,0,no,southeast,11093.6229,56.0,female
18.3,5,yes,southwest,19023.26,39.0,female
27.74,1,no,northeast,9957.7216,51.0,male
23.54,2,no,southeast,10107.2206,50.0,female
39.05,3,yes,southeast,40932.4295,30.0,female
34.43,2,no,southeast,5584.3057,36.0,male
29.3,4,no,southwest,15828.82173,40.0,female
32.11,0,no,northeast,13555.0049,62.0,male
40.81,3,no,southeast,12485.8009,55.0,female
23.4,2,no,southwest,2913.569,19.0,female
35.42,0,no,southeast,2322.6218,26.0,male
26.79,2,no,northwest,4189.1131,25.0,female
34.2,1,yes,northeast,39047.285,37.0,male
26.03,0,no,northeast,3070.8087,27.0,male
29.92,0,no,southeast,4889.0368,36.0,female
31.255,1,no,northwest,3956.07145,27.0,female
28.405,1,no,northwest,4527.18295,30.0,female
30.875,1,no,northwest,5373.36425,36.0,male
22.0,1,no,southwest,1964.78,20.0,male
26.41,1,no,northwest,5385.3379,34.0,female
26.315,2,no,northwest,7201.70085,39.0,female
24.97,2,no,southeast,6593.5083,40.0,male
43.7,1,no,southwest,11576.13,57.0,male
24.13,0,yes,northwest,15817.9857,25.0,male
27.28,3,yes,southeast,18223.4512,18.0,female
32.68,2,no,northwest,26018.95052,21.0,female
33.11,0,yes,southeast,40974.1649,48.0,female
24.32,2,no,northwest,6198.7518,37.0,male
31.1,0,no,southwest,1526.312,21.0,male
28.025,0,yes,northwest,20234.85475,35.0,female
25.0,0,no,southwest,13451.122,62.0,female
37.29,2,no,southeast,8978.1851,48.0,male
29.9,2,no,southwest,6600.361,40.0,male
22.3,1,no,southwest,2103.08,21.0,male
20.1,1,no,southwest,12032.326,57.0,female
27.5,0,no,southwest,12233.828,59.0,female
44.0,0,no,southwest,13063.883,61.0,female
19.19,1,no,northeast,8627.5411,47.0,male
23.845,3,yes,northeast,24106.91255,49.0,female
32.78,2,yes,southeast,36021.0112,23.0,female
30.115,1,no,northwest,9910.35985,50.0,female
34.8,3,no,southwest,3443.064,22.0,male
27.7,3,no,southwest,6414.178,35.0,female
26.315,3,no,northwest,5312.16985,28.0,female
21.47,0,no,northwest,3353.4703,27.0,female
39.27,2,no,southeast,3500.6123,23.0,female
33.1,0,no,southwest,13393.756,63.0,male
31.02,0,no,southeast,6185.3208,41.0,female
32.34,2,no,southeast,6338.0756,39.0,male
35.625,3,yes,northwest,37465.34375,20.0,male
34.2,2,no,southwest,3987.926,26.0,female
39.7,0,no,southwest,14319.031,64.0,female
35.2,1,no,southeast,14474.675,63.0,female
23.655,0,no,northwest,2352.96845,24.0,male
29.92,0,no,southeast,13457.9608,62.0,female
29.04,4,no,southeast,7243.8136,36.0,female
